Authors,Article Title,Source Title,Publication Year,DOI,n_taxa,class,order,market_type,overexploitation_focus,market_price_lower,market_price_upper,currency_unit,longitudinal_price,abundance,abundance_metric,described_rare,rarity_category,price_abundance_link,evidence_aae
"de Sousa, LM; Lucanus, O; Arroyo-Mora, JP; Kalacska, M","Conservation and trade of the endangered Hypancistrus zebra (Siluriformes, Loricariidae), one of the most trafficked Brazilian fish",GLOBAL ECOLOGY AND CONSERVATION,2021,10.1016/j.gecco.2021.e01570,1,actinopterygii,siluriformes,pet,1,8,990,USD,1,1,"conservation,pop_trend",1,"threat,morph",1,1
"Nijman, V; Ardiansyah, A; Hendrik, R; Langgeng, A; Manson, S; Hedger, K; Imron, MA; Nekaris, KAI","Trade in a small-range songbird, the Javan crocias, gives insight into the Asian Songbird Crisis",JOURNAL OF ASIA-PACIFIC BIODIVERSITY,2021,10.1016/j.japb.2021.01.001,1,aves,passeriformes,pet,1,3.67,77.89,USD,1,1,volume,1,"threat,range",0,0
"Arias, M; Hinsley, A; Nogales-Ascarrunz, P; Negroes, N; Glikman, JA; Milner-Gulland, EJ",Prevalence and characteristics of illegal jaguar trade in north-western Bolivia,CONSERVATION SCIENCE AND PRACTICE,2021,10.1111/csp2.444,1,mammalia,carnivora,medicinal,1,2,900,USD,0,0,NA,0,NA,0,NA
"Ayuya, OI; Soma, K; Obwanga, B",Socio-Economic Drivers of Fish Species Consumption Preferences in Kenya's Urban Informal Food System,SUSTAINABILITY,2021,10.3390/su13095278,5,actinopterygii,NA,food,0,2.51,3.77,EUR,0,0,NA,0,NA,0,NA
"Batumike, R; Imani, G; Urom, C; Cuni-Sanchez, A","Bushmeat hunting around Lomami National Park, Democratic Republic of the Congo",ORYX,2021,10.1017/S0030605319001017,18,"mammalia,reptilia",NA,food,1,7,54,USD,0,1,"pop_trend,perception",1,"threat,perception",0,NA
"Cicek, K; Ayaz, D; Afsar, M; Bayrakci, Y; Peksen, CA; Cumhuriyet, O; Ismail, IB; Yenmis, M; Ustundag, E; Tok, CV; Bilgin, CC; Akcakaya, HR",Unsustainable harvest of water frogs in southern Turkey for the European market,ORYX,2021,10.1017/S0030605319000176,1,amphibia,anura,"food,pet",1,0.6,2.6,USD,0,1,"abundance,volume",1,threat,0,NA
"Zanvo, S; Djagoun, SCAM; Azihou, FA; Djossa, B; Sinsin, B; Gaubert, P",Ethnozoological and commercial drivers of the pangolin trade in Benin,JOURNAL OF ETHNOBIOLOGY AND ETHNOMEDICINE,2021,10.1186/s13002-021-00446-z,1,mammalia,pholidota,"medicinal,food",1,5.01,73.38,USD,0,0,NA,1,threat,0,NA
"Song, ZF; Wang, Q; Miao, Z; Zhang, W; Zhou, XH",The dissemination of relevant information on wildlife utilization and its connection with the illegal trade in wildlife,JOURNAL OF FORESTRY RESEARCH,2022,10.1007/s11676-021-01306-y,1,actinopterygii,acanthuriformes,medicinal,1,3000,12000,USD,0,1,volume,1,"threat,range",0,NA
"Wei, YQ; Zhang, L; Wang, JN; Wang, WW; Niyati, N; Guo, YL; Wang, XF","Chinese caterpillar fungus (Ophiocordyceps sinensis) in China: Current distribution, trading, and futures under climate change and overexploitation",SCIENCE OF THE TOTAL ENVIRONMENT,2021,10.1016/j.scitotenv.2020.142548,1,sordariomycetes,hypocreales,medicinal,1,8780,24640,USD,1,0,NA,1,threat,0,NA
"La Laina, DZ; Nekaris, KAI; Nijman, V; Morcatty, TQ",Illegal online pet trade in venomous snakes and the occurrence of snakebites in Brazil,TOXICON,2021,10.1016/j.toxicon.2021.01.010,16,reptilia,serpentes,pet,0,66.04,113.21,USD,0,1,volume,0,NA,0,NA
"Andersen, SK; Staerk, J; Kalhor, E; Natusch, DJD; da Silva, R; Pfau, B; Conde, DA","Economics, life history and international trade data for seven turtle species in Indonesian and Malaysian farms",DATA IN BRIEF,2021,10.1016/j.dib.2020.106708,7,reptilia,testudines,"pet,food",1,10,500,USD,0,1,volume,1,threat,1,NA
"Akmal, SG; Zamecnikova-Wanma, BPD; Prabowo, RE; Khatami, AM; Novak, J; Petrtyl, M; Kalous, L; Patoka, J",Marine ornamental trade in Indonesia,AQUATIC LIVING RESOURCES,2020,10.1051/alr/2020026,777,"actinopterygii,chondrichthyes,hexacorallia,asteroidea,hexacorallia,gastropoda",NA,pet,1,0.15,700,USD,0,0,NA,1,threat,1,NA
"Banjade, M; Adhikari, P; Oh, HS","Illegal wildlife trade in local markets of Feuang and Mad districts of Vientiane Province, Lao People's Democratic Republic",JOURNAL OF ASIA-PACIFIC BIODIVERSITY,2020,10.1016/j.japb.2020.07.006,22,"mammalia,aves,reptilia,amphibia,insecta",NA,"medicinal,food,collection",1,0.25,300,USD,0,1,conservation,1,threat,1,NA
"Heinrich, S; Toomes, A; Gomez, L",Valuable stones: The trade in porcupine bezoars,GLOBAL ECOLOGY AND CONSERVATION,2020,10.1016/j.gecco.2020.e01204,1,mammalia,rodentia,medicinal,1,119.31,151.8,USD,0,1,conservation,1,threat,0,NA
"Nguyen, T; Roberts, DL",Exploring the Africa-Asia Trade Nexus for Endangered Wildlife Used in Traditional Asian Medicine: Interviews With Traders in South Africa and Vietnam,TROPICAL CONSERVATION SCIENCE,2020,10.1177/1940082920979252,5,mammalia,NA,medicinal,1,NA,NA,NA,0,0,NA,1,threat,0,NA
"Gombeer, S; Nebesse, C; Musaba, P; Ngoy, S; Peeters, M; Vanderheyden, A; Meganck, K; Smitz, N; Geers, F; Van den Heuvel, S; Backeljau, T; De Meyer, M; Verheyen, E","Exploring the bushmeat market in Brussels, Belgium: a clandestine luxury business",BIODIVERSITY AND CONSERVATION,2021,10.1007/s10531-020-02074-7,7,mammalia,NA,food,1,30.77,61.54,EUR,0,0,NA,1,threat,1,NA
"Leupen, BTC; Gomez, L; Shepherd, CR; Nekaris, KAI; Imron, MA; Nijman, V",Thirty years of trade data suggests population declines in a once common songbird in Indonesia,EUROPEAN JOURNAL OF WILDLIFE RESEARCH,2020,10.1007/s10344-020-01436-4,1,aves,passeriformes,pet,1,10,55,USD,1,1,volume,1,threat,1,NA
"Atoussi, S; Bergin, D; Razkallah, I; Nijman, V; Bara, M; Bouslama, Z; Houhamdi, M",The trade in the endangered African Grey ParrotPsittacus erithacusand the Timneh ParrotPsittacus timnehin Algeria,OSTRICH,2020,10.2989/00306525.2020.1763492,2,aves,psittaciformes,pet,1,219,1054,USD,0,1,volume,1,threat,0,NA
"Shepherd, CR; Leupen, BTC; Siriwat, P; Nijman, V","International wildlife trade, avian influenza, organised crime and the effectiveness of CITES: The Chinese hwamei as a case study",GLOBAL ECOLOGY AND CONSERVATION,2020,10.1016/j.gecco.2020.e01185,1,aves,passeriformes,pet,1,50,845,USD,1,1,volume,1,threat,1,NA
"Siriwat, P; Nijman, V",Wildlife trade shifts from brick-and-mortar markets to virtual marketplaces: A case study of birds of prey trade in Thailand,JOURNAL OF ASIA-PACIFIC BIODIVERSITY,2020,10.1016/j.japb.2020.03.012,27,aves,"falconiformes,accipitriformes",pet,1,30,576,USD,0,1,"volume,pop_trend",1,threat,1,NA
"Yin, RY; Ye, YC; Newman, C; Buesching, CD; Macdonald, DW; Luo, Y; Zhou, ZM",China's online parrot trade: Generation length and body mass determine sales volume via price,GLOBAL ECOLOGY AND CONSERVATION,2020,10.1016/j.gecco.2020.e01047,46,aves,psittaciformes,pet,1,21,3254,USD,1,1,volume,1,"threat,range",1,NA
"Romero-Vidal, P; Hiraldo, F; Rosseto, F; Blanco, G; Carrete, M; Tella, JL",Opportunistic or Non-Random Wildlife Crime? Attractiveness Rather Than Abundance in the Wild Leads to Selective Parrot Poaching,DIVERSITY-BASEL,2020,10.3390/d12080314,25,aves,psittaciformes,pet,1,5.68,145.22,USD,0,1,abundance,1,abundance,1,NA
"Bauder, JM; Stodola, KW; Benson, TJ; Miller, CA; Allen, ML",Raccoon Pelt Price and Trapper Harvest Relationships Are Temporally Inconsistent,JOURNAL OF WILDLIFE MANAGEMENT,2020,10.1002/jwmg.21928,1,mammalia,carnivora,product,0,3.6,104.89,USD,0,1,volume,0,NA,0,NA
"Bauder, JM; Allen, ML; Ahlers, AA; Benson, TJ; Miller, CA; Stodola, KW",Identifying and Controlling for Variation in Canid Harvest Data,JOURNAL OF WILDLIFE MANAGEMENT,NA,10.1002/jwmg.21919,3,mammalia,carnivora,product,1,23.09,58.09,USD,0,1,volume,0,NA,0,NA
"Janssen, J; Sy, EY",Note on the availability of Philippine Forest Turtle Siebenrockiella leytensis in online reptile markets,PALAWAN SCIENTIST,2020,NA,NA,NA,NA,NA,NA,NA,NA,NA,NA,NA,NA,NA,NA,NA,NA
"Talukdar, S; Sengupta, S",Edible frog species of Nagaland,JOURNAL OF ENVIRONMENTAL BIOLOGY,2020,10.22438/jeb/4(SI)/MS_1918,13,amphibia,anura,medicinal,1,50,150,INR,0,1,"conservation,volume",1,"threat,volume",0,NA
"Booth, H; Pooley, S; Clements, T; Putra, MIH; Lestari, WP; Lewis, S; Warwick, L; Milner-Gulland, E","Assessing the impact of regulations on the use and trade of wildlife: An operational framework, with a case study on manta rays",GLOBAL ECOLOGY AND CONSERVATION,2020,10.1016/j.gecco.2020.e00953,2,chondrichthyes,myliobatiformes,medicinal,1,17,421,NA,1,NA,NA,1,threat,0,NA
"Soares, HKD; Soares, VMD; Lopes, SD; de Lucenal, RFP; Barboza, RRD",Rearing and trade of wild birds in a semiarid region of Brazil,ENVIRONMENT DEVELOPMENT AND SUSTAINABILITY,2020,10.1007/s10668-019-00386-5,36,aves,NA,pet,1,1.29,1288.85,USD,0,1,volume,0,NA,0,NA
"Sharma, S; Sharma, HP; Katuwal, HB; Chaulagain, C; Belant, JL",People's Knowledge of Illegal Chinese Pangolin Trade Routes in Central Nepal,SUSTAINABILITY,2020,10.3390/su12124900,1,mammalia,pholidota,"medicinal,food",1,96,218,USD,1,0,NA,1,threat,0,NA
"D'Cruze, N; Assou, D; Coulthard, E; Norrey, J; Megson, D; Macdonald, DW; Harrington, LA; Ronfot, D; Segniagbeto, GH; Auliya, M","Snake oil and pangolin scales: insights into wild animal use at Marche des Fetiches traditional medicine market, Togo",NATURE CONSERVATION-BULGARIA,2020,10.3897/natureconservation.39.47879,281,"amphibia,aves,mammalia,reptilia",NA,medicinal,1,0.26,765,USD,0,1,"conservation,pop_trend",1,threat,0,NA
"D'Cruze, N; Harrington, LA; Assou, D; Ronfot, D; Macdonald, DW; Segniagbeto, GH; Auliya, M","Searching for snakes: ball python hunting in southern Togo, West Africa",NATURE CONSERVATION-BULGARIA,2020,10.3897/natureconservation.38.47864,1,reptilia,serpentes,pet,1,2,17,USD,0,1,pop_trend,0,NA,0,NA
"Giovos, I; Arculeo, M; Doumpas, N; Katsada, D; Maximiadi, M; Mitsou, E; Paravas, V; Aga-Spyridopoulou, RN; Stoilas, VO; Tiralongo, F; Tsamadias, IE; Vecchioni, L; Moutopoulos, DK","Assessing multiple sources of data to detect illegal fishing, trade and mislabelling of elasmobranchs in Greek markets",MARINE POLICY,2020,10.1016/j.marpol.2019.103730,NA,chondrichthyes,elasmobranchii,food,1,NA,NA,NA,1,1,volume,1,threat,0,NA
"Waseem, M; Raza, A; Aisha, H; Awan, MN; Ahmad, T; Nazir, R; Mahmood, T",Scale of Illegal Killing and Trade Associated with Indian Pangolin (Manis crassicaudata) in Pakistan,PAKISTAN JOURNAL OF ZOOLOGY,2020,10.17582/journal.pjz/2020.52.1.69.77,1,mammalia,pholidota,"medicinal,food",1,50000,60000,Rs,0,0,NA,1,threat,0,NA
"Fernandez, IL; Baez, JC; Rubio, CJ; Munoz, P; Caminas, JA; Macias, D",Climate oscillations effects on market prices of commercially important fish in the northern Alboran Sea,INTERNATIONAL JOURNAL OF BIOMETEOROLOGY,2020,10.1007/s00484-020-01859-3,3,chondrichthyes,"scombriformes,clupeiformes,carcharhiniformes",food,0,NA,NA,EUR,1,1,volume,0,NA,0,NA
"Gomez, L; Shepherd, CR; Khoo, MS",Illegal trade of sun bear parts in the Malaysian states of Sabah and Sarawak,ENDANGERED SPECIES RESEARCH,2020,10.3354/esr01028,1,mammalia,carnivora,medicinal,1,73,243,USD,0,0,NA,1,threat,0,NA
"Irham, M; Yohanna; Kurniawan, PT",Transaction records as a tool for bird trade monitoring in supporting bird's conservation and sustainable use,3RD INTERNATIONAL CONFERENCE ON BIOSCIENCES,2020,10.1088/1755-1315/457/1/012020,26,aves,NA,pet,1,NA,1396750,Rp,0,1,volume,0,NA,0,NA
"Nijman, V; Ardiansyah, A; Hendrik, R; Imron, MA; Nekaris, KAI","The trade in Rufous-fronted Laughingthrush Garrulax rufifrons in Java, Indonesia",FORKTAIL,2020,NA,1,aves,passeriformes,pet,1,37,1189.3,USD,1,1,volume,1,"threat,range",0,NA
"Siriwat, P; Nekaris, KAI; Nijman, V",Digital media and the modern-day pet trade: a test of the 'Harry Potter effect' and the owl trade in Thailand,ENDANGERED SPECIES RESEARCH,2020,10.3354/esr01006,17,aves,strigiformes,pet,1,12,1676,USD,1,1,volume,1,threat,1,NA
"Wahab, DA; Maulany, RI; Nasri; Nirsyawita","Hunting and trading activities of reticulated python (Python reticulatus) in South Sulawesi, Indonesia: A report from the field",2ND INTERNATIONAL CONFERENCE ON FOOD SECURITY AND SUSTAINABLE AGRICULTURE IN THE TROPICS,2020,10.1088/1755-1315/486/1/012029,1,reptilia,serpentes,product,1,4,6,USD,0,1,pop_trend,0,NA,0,NA
"Janssen, J; Gomez, L",Common Sun Skink Eutropis multifasciata (Kuhl 1820) sold for Traditional Medicine in Indonesia and potential conservation implications,ETHNOBIOLOGY AND CONSERVATION,2019,10.15451/ec2019-11-8.14-1-8,1,reptilia,squamata,medicinal,1,0.99,230,USD,0,0,NA,0,NA,0,NA
"de Mitcheson, YS; To, AWL; Wong, NW; Kwan, HY; Bud, WS","Emerging from the murk: threats, challenges and opportunities for the global swim bladder trade",REVIEWS IN FISH BIOLOGY AND FISHERIES,2019,10.1007/s11160-019-09585-9,NA,actinopterygii,NA,food,1,14,21433,USD,1,0,NA,0,NA,1,NA
"McNamara, J; Fa, JE; Ntiamoa-Baidu, Y",Understanding drivers of urban bushmeat demand in a Ghanaian market,BIOLOGICAL CONSERVATION,2019,10.1016/j.biocon.2019.108291,1,mammalia,rodentia,food,1,1,3,USD,0,0,NA,0,NA,0,NA
"El Bizri, HR; Morcatty, TQ; Valsecchi, J; Mayor, P; Ribeiro, JES; Neto, CFAV; Oliveira, JS; Furtado, KM; Ferreira, UC; Miranda, CFS; Silya, CH; Lopes, VL; Lopes, GP; Florindo, CCF; Chagas, RC; Nijman, V; Fa, JE",Urban wild meat consumption and trade in central Amazonia,CONSERVATION BIOLOGY,2020,10.1111/cobi.13420,21,"mammalia,aves,reptilia",NA,food,1,NA,NA,NA,0,0,NA,0,NA,0,NA
"Gale, SW; Kumar, P; Hinsley, A; Cheuk, ML; Gao, JY; Liu, H; Liu, ZL; Williams, SJ","Quantifying the trade in wild-collected ornamental orchids in South China: Diversity, volume and value gradients underscore the primacy of supply",BIOLOGICAL CONSERVATION,2019,10.1016/j.biocon.2019.108204,266,orchidaceae,NA,pet,1,1,13,USD,0,1,volume,1,threat,1,NA
"McEvoy, JF; Connette, G; Huang, Q; Soe, P; Pyone, KHH; Valitutto, M; Htun, YL; Lin, AN; Thant, AL; Htun, WY; Paing, KH; Swe, KK; Aung, M; Min, S; Songer, M; Leimgruber, P",Two sides of the same coin - Wildmeat consumption and illegal wildlife trade at the crossroads of Asia,BIOLOGICAL CONSERVATION,2019,10.1016/j.biocon.2019.108197,38,"mammalia,reptilia",NA,"food,trophy",1,1.59,317.75,USD,0,1,pop_trend,1,threat,1,NA
"Siriwat, P; Nekaris, KAI; Nijman, V",The role of the anthropogenic Allee effect in the exotic pet trade on Facebook in Thailand,JOURNAL FOR NATURE CONSERVATION,2019,10.1016/j.jnc.2019.125726,42,mammalia,"primates,carnivora",pet,1,56,945,USD,0,1,volume,1,threat,1,NA
"Mihalik, I; Bateman, AW; Darimont, CT",Trophy hunters pay more to target larger-bodied carnivores,ROYAL SOCIETY OPEN SCIENCE,2019,10.1098/rsos.191231,15,mammalia,"ungulata,carnivora",trophy,1,550,1800,USD,0,0,NA,0,NA,1,NA
"Sosnowski, MC; Knowles, TG; Takahashi, T; Rooney, NJ",Global ivory market prices since the 1989 CITES ban,BIOLOGICAL CONSERVATION,2019,10.1016/j.biocon.2019.07.020,1,mammalia,proboscidea,product,1,NA,NA,NA,1,1,volume,1,threat,0,NA
"Zeng, L; Armani, A; Wen, J; Lin, HJ; Xu, YH; Fan, SG; Sun, YL; Yang, CG; Chen, ZM; Chen, DH; Zhao, J; Li, XY",Molecular identification of seahorse and pipefish species sold as dried seafood in China: A market-based survey to highlight the actual needs for a proper trade,FOOD CONTROL,2019,10.1016/j.foodcont.2019.04.007,5,actinopterygii,syngnathidae,medicinal,1,724.6,1965.5,USD,0,0,NA,1,threat,0,NA
"Coad, L; Lim, S; Nuon, L","Wildlife and Livelihoods in the Cardamom Mountains, Cambodia",FRONTIERS IN ECOLOGY AND EVOLUTION,2019,10.3389/fevo.2019.00296,21,"mammalia,reptilia",NA,"food,medicinal",1,7.5,5000,USD,0,0,NA,1,threat,0,NA
"Bomolo, O; Niassy, S; Tanga, CM; Chocha, A; Tartibu, L; Shutcha, MN; Longanza, B; Ekesi, S; Bugeme, DM",The value chain of the edible caterpillar Elaphrodes lactea Gaede (Lepidoptera: Notodontidae) in the Miombo forest of the Democratic Republic of the Congo,JOURNAL OF ETHNOBIOLOGY AND ETHNOMEDICINE,2019,10.1186/s13002-019-0319-y,1,insecta,lepidoptera,food,1,2.32,5.24,USD,0,0,NA,0,NA,0,NA
"Sanchez-Mercado, A; Cardozo-Urdaneta, A; Moran, L; Ovalle, L; Arvelo, MA; Morales-Campos, J; Coyle, B; Braun, MJ; Rodriguez-Clark, KM",Social network analysis reveals specialized trade in an Endangered songbird,ANIMAL CONSERVATION,2020,10.1111/acv.12514,1,aves,passeriformes,pet,1,40,69,USD,0,0,NA,1,threat,0,NA
"Heinrich, S; Ross, JV; Cassey, P","Of cowboys, fish, and pangolins: US trade in exotic leather",CONSERVATION SCIENCE AND PRACTICE,2019,10.1111/csp2.75,2,"mammalia,actinopterygii","pholidota,osteoglossiformes",product,1,390,12895,USD,0,1,volume,1,threat,0,NA
"Krishna, VV; Darras, K; Grass, I; Mulyani, YA; Prawiradilaga, DM; Tscharntke, T; Qaim, M",Wildlife trade and consumer preference for species rarity: an examination of caged-bird markets in Sumatra,ENVIRONMENT AND DEVELOPMENT ECONOMICS,2019,10.1017/S1355770X19000081,77,aves,NA,pet,1,50000,175000,IDR,1,1,"range,abundance,volume",1,"range,abundance",1,NA
"Farah, N; Boyce, JR",Elephants and mammoths: the effect of an imperfect legal substitute on illegal activity,ENVIRONMENT AND DEVELOPMENT ECONOMICS,2019,10.1017/S1355770X18000554,3,mammalia,"proboscidea,perissodactyla,artiodactyla","product,medicinal",1,2.56,230.58,USD,1,1,volume,1,threat,0,NA
"Alves, RRN; de Araujo, BMC; Policarpo, ID; Pereira, HM; Borges, AKM; Vieira, WLD; Vasconcellos, A",Keeping reptiles as pets in Brazil: Ethnozoological and conservation aspects,JOURNAL FOR NATURE CONSERVATION,2019,10.1016/j.jnc.2019.02.002,69,reptilia,"serpentes,squamata,testudines,crocodilia",pet,1,20,3500,R,0,1,volume,1,threat,1,NA
"Williams, VL; 't Sas-Rolfes, MJ","Born captive: A survey of the lion breeding, keeping and hunting industries in South Africa",PLOS ONE,2019,10.1371/journal.pone.0217409,1,mammalia,carnivora,trophy,1,NA,NA,ZAR,1,1,volume,1,threat,0,NA
"Ngo, HC; Nguyen, TQ; Phan, TQ; van Schingen, M; Ziegler, T",A case study on trade in threatened Tiger Geckos (Goniurosaurus) in Vietnam including updated information on the abundance of the Endangered G-catbaensis,NATURE CONSERVATION-BULGARIA,2019,10.3897/natureconservation.33.33590,1,reptilia,squamata,pet,1,7,365,USD,0,1,"volume,abundance",NA,"threat,abundance",0,NA
"Souto, WMS; Lima, RN; Sousa, BFCF",Illegal bushmeat hunting and trade dynamics in a major road-hub region of the Brazilian Mid North,INDIAN JOURNAL OF TRADITIONAL KNOWLEDGE,2019,NA,14,"aves,reptilia,mammalia","crocodilia,galliformes,anseriformes,nyctibiiformes,artiodactyla,cetartiodactyla,carnivora,cingulata,rodentia,pilosa","food,medicinal",1,3,36.9,USD,0,1,conservation,1,threat,0,NA
"Banzon, EMH; Padilla, MIO; Yan, JP; Cruz, RAL","Proposed categories of bycatch based on an assessment of data from the Anilao Fish Port, Batangas, Philippines",MARINE POLICY,2019,10.1016/j.marpol.2018.10.045,35,actinopterygii,NA,food,1,30,250,PhD,0,1,conservation,1,threat,0,NA
"Janssen, J; Shepherd, CR",Trade in Endangered and Critically Endangered Japanese Herpetofauna Endemic to The Nansei Islands Warrants Increased Protection,CURRENT HERPETOLOGY,2019,10.5358/hsj.38.99,23,"amphibia,reptilia","serpentes,anura,urodela,squamata,testudines",pet,1,125,2500,USD,0,1,"volume,conservation",1,threat,0,NA
"Ilmar, RD; Santoso, N","Utilization of waterbirds by Ujungpangkah Community, Gresik Regency, East Java",2ND INTERNATIONAL CONFERENCE ON INTEGRATED COASTAL MANAGEMENT AND MARINE BIOTECHNOLOGY,2019,10.1088/1755-1315/241/1/012008,19,aves,NA,NA,1,3000,15000,IDR,0,1,conservation,1,threat,0,NA
"Ingram, DJ; Cronin, DT; Challender, DWS; Venditti, DM; Gonder, MK",Characterising trafficking and trade of pangolins in the Gulf of Guinea,GLOBAL ECOLOGY AND CONSERVATION,2019,10.1016/j.gecco.2019.e00576,2,mammalia,pholidota,"food,medicinal",1,NA,NA,CFA,1,1,"volume,conservation",1,threat,1,NA
"Lopes, AA",Transnational links in rhino poaching and the black-market price of rhino horns,AUSTRALIAN JOURNAL OF AGRICULTURAL AND RESOURCE ECONOMICS,2019,10.1111/1467-8489.12286,1,mammalia,perissodactyla,product,1,15000,75000,USD,1,1,abundance,1,threat,0,NA
"Nijman, V","Souvenirs, Shells, and the Illegal Wildlife Trade",JOURNAL OF ETHNOBIOLOGY,2019,10.2993/0278-0771-39.2.282,6,"cephalopoda,gastropoda","nautilida,littorinimorpha,neogastropoda",product,1,14,45,USD,1,1,volume,1,threat,1,NA
"Van, TP; Luu, VQ; Tien, TV; Leprince, B; Khanh, LTT; Luiselli, L",Longitudinal monitoring of turtle trade through Facebook in Vietnam,HERPETOLOGICAL JOURNAL,2019,10.33256/hj29.1.4856,53,reptilia,testudines,pet,1,0.91,16000,USD,1,1,"volume,conservation",1,threat,1,NA
"D'Cruze, N; Singh, B; Mookerjee, A; Harrington, LA; Macdonald, DW","A socio-economic survey of pangolin hunting in Assam, Northeast India",NATURE CONSERVATION-BULGARIA,2018,10.3897/natureconservation.30.27379,2,mammalia,pholidota,"food,medicinal",1,1.2,279,USD,0,1,volume,1,threat,0,NA
"Janssen, J; Shepherd, CR",Challenges in documenting trade in non CITES-listed species: A case study on crocodile skinks (Tribolonotus spp.),JOURNAL OF ASIA-PACIFIC BIODIVERSITY,2018,10.1016/j.japb.2018.09.003,1,reptilia,squamata,pet,1,117,300,USD,0,1,volume,1,"threat,endemic",0,NA
"Siriwat, P; Nijman, V",Illegal pet trade on social media as an emerging impediment to the conservation of Asian otters species,JOURNAL OF ASIA-PACIFIC BIODIVERSITY,2018,10.1016/j.japb.2018.09.004,2,mammalia,carnivora,pet,1,39,203,USD,1,1,volume,1,threat,1,NA
"Kuo, TC; Laksanawimol, P; Aylesworth, L; Foster, SJ; Vincent, ACJ",Changes in the trade of bycatch species corresponding to CITES regulations: the case of dried seahorse trade in Thailand,BIODIVERSITY AND CONSERVATION,2018,10.1007/s10531-018-1610-2,1,actinopterygii,syngnathiformes,medicinal,1,0.29,1.29,USD,1,1,volume,1,threat,1,NA
"Sung, YH; Fong, JJ",Assessing consumer trends and illegal activity by monitoring the online wildlife trade,BIOLOGICAL CONSERVATION,2018,10.1016/j.biocon.2018.09.025,136,reptilia,testudines,pet,1,1,50800,USD,1,1,"conservation,volume",1,threat,1,NA
"Janssen, J; Krishnasamy, K",Left hung out to dry: How inadequate international protection can fuel trade in endemic species - The case of the earless monitor,GLOBAL ECOLOGY AND CONSERVATION,2018,10.1016/j.gecco.2018.e00464,1,reptilia,squamata,pet,1,1360,7500,USD,1,1,volume,1,threat,1,NA
"Morgan, J; Chng, S",Rising internet-based trade in the Critically Endangered ploughshare tortoise Astrochelys yniphora in Indonesia highlights need for improved enforcement of CITES,ORYX,2018,10.1017/S003060531700031X,1,reptilia,testudines,pet,1,509,47000,USD,0,1,volume,1,"threat,endemic,abundance",0,NA
"Robinson, JE; Fraser, LM; St John, FAV; Randrianantoandro, JC; Andriantsimanarilafy, RR; Razafimanahaka, JH; Griffiths, RA; Roberts, DL",Wildlife supply chains in Madagascar from local collection to global export,BIOLOGICAL CONSERVATION,2018,10.1016/j.biocon.2018.07.027,24,"reptilia,amphibia",NA,pet,1,NA,NA,USD,0,0,NA,0,NA,0,NA
"Zhou, XH; Wang, Q; Zhang, W; Jin, Y; Wang, Z; Chai, Z; Zhou, ZQ; Cui, XF; MacMillan, DC",Elephant poaching and the ivory trade: The impact of demand reduction and enforcement efforts by China from 2005-2017,GLOBAL ECOLOGY AND CONSERVATION,2018,10.1016/j.gecco.2018.e00486,1,mammalia,proboscidea,product,1,NA,NA,CNY,1,1,volume,1,threat,1,NA
"Mambeya, MM; Baker, F; Momboua, BR; Pambo, AFK; Hega, M; Okouyi, VJO; Onanga, M; Challender, DWS; Ingram, DJ; Wang, HY; Abernethy, K",The emergence of a commercial trade in pangolins from Gabon,AFRICAN JOURNAL OF ECOLOGY,2018,10.1111/aje.12507,3,mammalia,pholidota,"food,medicinal",1,4.4,68.3,USD,1,1,volume,1,threat,0,NA
"Militz, TA; Foale, S; Kinch, J; Southgate, PC",Natural rarity places clownfish colour morphs at risk of targeted and opportunistic exploitation in a marine aquarium fishery,AQUATIC LIVING RESOURCES,2018,10.1051/alr/2018006,2,actinopterygii,pomacentridae,pet,1,5.36,150,USD,0,1,volume,1,morph,1,NA
"Nijman, V; Langgeng, A; Birot, H; Imron, MA; Nekaris, KAI","Wildlife trade, captive breeding and the imminent extinction of a songbird",GLOBAL ECOLOGY AND CONSERVATION,2018,10.1016/j.gecco.2018.e00425,3,aves,passeriformes,pet,1,85,140,USD,1,1,"volume,conservation",1,"threat,endemic",0,NA
"Gaviglio, A; Marescotti, ME; Demartini, E",The Local Value Chain of Hunted Red Deer Meat: A Scenario Analysis Based on a Northern Italian Case Study,RESOURCES-BASEL,2018,10.3390/resources7020034,1,mammalia,artiodactyla,food,0,9.8,9.8,EUR,0,0,NA,0,NA,0,NA
"Marginean, GI; Gherman, E; Sos, T","The illegal internet based trade in European pond turtle Emys orbicularis (Linnaeus, 1758) in Romania: a threat factor for conservation",NORTH-WESTERN JOURNAL OF ZOOLOGY,2018,NA,1,reptilia,testudines,pet,1,4.54,113.63,EUR,0,1,"volume,abundance",1,threat,0,NA
"Purcell, SW; Williamson, DH; Ngaluafe, P",Chinese market prices of beche-de-mer: Implications for fisheries and aquaculture,MARINE POLICY,2018,10.1016/j.marpol.2018.02.005,20,holothuroidea,NA,food,0,22,1889,USD,1,1,volume,0,NA,0,NA
"Pleguezuelos, JM; Feriche, M; Brito, JC; Fahd, S",Snake charming and the exploitation of snakes in Morocco,ORYX,2018,10.1017/S0030605316000910,1,reptilia,serpentes,medicinal,1,200,500,MAD,1,1,"abundance,volume",1,threat,0,NA
"Walker, RD; Jones, GA",Consumer-Driven Depletion of the Northern Diamondback Terrapin in Chesapeake Bay,MARINE AND COASTAL FISHERIES,2018,10.1002/mcf2.10009,1,reptilia,testudines,food,1,40,80,USD,1,1,volume,1,threat,1,NA
"Ingram, DJ; Coad, L; Abernethy, KA; Maisels, F; Stokes, EJ; Bobo, KS; Breuer, T; Gandiwa, E; Ghiurghi, A; Greengrass, E; Holmern, T; Kamgaing, TOW; Obiang, AMN; Poulsen, JR; Schleicher, J; Nielsen, MR; Solly, H; Vath, CL; Waltert, M; Whitham, CEL; Wilkie, DS; Scharlemann, JPW",Assessing Africa-Wide Pangolin Exploitation by Scaling Local Data,CONSERVATION LETTERS,2018,10.1111/conl.12389,4,mammalia,pholidota,"food,medicinal",1,2700,8500,CFA,1,1,"volume,conservation",1,threat,0,NA
"Dalerum, F; Miranda, M; Muniz, C; Rodriguez, P","Effects of scarcity, aesthetics and ecology on wildlife auction prices of large African mammals",AMBIO,2018,10.1007/s13280-017-0937-3,47,mammalia,"carnivora,ungulata",trophy,1,20000,5.00E+05,ZAR,0,1,conservation,1,"threat,morph",1,NA
"Kuo, TC; Vincent, A",Assessing the changes in international trade of marine fishes under CITES regulations - A case study of seahorses,MARINE POLICY,2018,10.1016/j.marpol.2017.10.031,1,actinopterygii,syngnathidae,medicinal,1,1000,1.00E+06,USD,1,1,volume,1,threat,0,NA
"Abi-Said, MR; Outa, NT; Makhlouf, H; Amr, ZS; Eid, E","Illegal Trade in Wildlife Species in Beirut, Lebanon",VERTEBRATE ZOOLOGY,2018,NA,43,"aves,reptilia,mammalia",NA,pet,1,3,1600,USD,0,1,"volume,conservation",1,threat,1,NA
"Thach, HM; Le, MD; Vu, NB; Panariello, A; Sethi, G; Sterling, EJ; Blair, ME",Slow Loris Trade in Vietnam: Exploring Diverse Knowledge and Values,FOLIA PRIMATOLOGICA,2018,10.1159/000481196,1,mammalia,"primates,carnivora",pet,1,0,35,USD,0,0,NA,1,supply_trend,0,NA
"Purcell, SW; Ngaluafe, P; Lalavanua, W; Ceccarelli, DM",Market price trends of Latin American and Caribbean sea cucumbers inform fisheries management,REGIONAL STUDIES IN MARINE SCIENCE,2018,10.1016/j.rsma.2017.12.003,2,holothuroidea,"synallactida,holothuriida","food,medicinal",1,16,358,USD,0,1,volume,1,pop_trend,0,NA
"Purcell, SW; Crona, BI; Lalavanua, W; Eriksson, H",Distribution of economic returns in small-scale fisheries for international markets: A value-chain analysis,MARINE POLICY,2017,10.1016/j.marpol.2017.09.001,15,holothuroidea,NA,"food,medicinal",1,10,400,USD,0,0,NA,0,NA,0,NA
"Ahlers, AA; Heske, EJ",Empirical Evidence for Declines in Muskrat Populations Across the United States,JOURNAL OF WILDLIFE MANAGEMENT,2017,10.1002/jwmg.21328,1,mammalia,rodentia,product,1,1,20,USD,1,1,volume,0,NA,0,NA
"Nijman, V; Spaan, D; Rode-Margono, EJ; Wirdateti; Nekaris, KAI","Changes in the primate trade in indonesian wildlife markets over a 25-year period: Fewer apes and langurs, more macaques, and slow lorises",AMERICAN JOURNAL OF PRIMATOLOGY,2017,10.1002/ajp.22517,17,mammalia,primates,pet,1,40,75,USD,0,1,"volume,conservation",1,threat,0,NA
"Nijman, V",North Africa as a source for European eel following the 2010 EU CITES eel trade ban,MARINE POLICY,2017,10.1016/j.marpol.2017.06.036,1,actinopterygii,anguilliformes,"food,pet",1,8.61,185,USD,1,1,"volume,conservation",1,threat,1,NA
"Barrowclift, E; Temple, AJ; Stead, S; Jiddawi, NS; Berggren, P","Social, economic and trade characteristics of the elasmobranch fishery on Unguja Island, Zanzibar, East Africa",MARINE POLICY,2017,10.1016/j.marpol.2017.06.002,13,chondrichthyes,elasmobranchii,food,1,10,35000,TZS,1,1,"volume,pop_trend",0,NA,0,NA
"Dai, CY; Zhang, CL","The local bird trade and its conservation impacts in the city of Guiyang, Southwest China",REGIONAL ENVIRONMENTAL CHANGE,2017,10.1007/s10113-017-1141-5,206,aves,"anseriformes,bucerotiformes,gruiformes,acciptriformes,coraciiformes,strigiformes,falconiformes,piciformes,cuculiformes,galliformes,columbiformes,psittaciformes,passeriformes",pet,1,2,3000,CNY,0,1,"volume,conservation",1,"threat,endemic",1,NA
"Jaiteh, VF; Loneragan, NR; Warren, C",The end of shark finning? Impacts of declining catches and fin demand on coastal community livelihoods,MARINE POLICY,2017,10.1016/j.marpol.2017.03.027,5,chondrichthyes,selachimorpha,"food,medicinal",1,NA,NA,IDR,1,1,"volume,conservation,pop_trend",1,"threat,pop_trend",0,NA
"Gonedele Bi, S; Kone, I; Bene, JCK; Bitty, EA; Yao, KA; Kouassi, BA; Gaubert, P",Bushmeat hunting around a remnant coastal rainforest in Cote d'Ivoire,ORYX,2017,10.1017/S0030605315001453,9,"mammalia,reptilia","artiodactyla,carnivora,pholidota,hyracoidea,primates,rodentia,squamata,crocodilia",food,1,269.47,3094.12,CFA,0,1,conservation,1,threat,0,NA
"Hancock, JM; Furtado, S; Merino, S; Godley, BJ; Nuno, A","Exploring drivers and deterrents of the illegal consumption and trade of marine turtle products in Cape Verde, and implications for conservation planning",ORYX,2017,10.1017/S0030605316000107,1,reptilia,testudines,food,1,50,20000,CVE,0,0,NA,1,threat,0,NA
"Gonzalez-Marin, RM; Moreno-Casasola, P; Castro-Luna, AA; Castillo, A","Regaining the traditional use of wildlife in wetlands on the coastal plain of Veracruz, Mexico: ensuring food security in the face of global climate change",REGIONAL ENVIRONMENTAL CHANGE,2017,10.1007/s10113-016-0955-x,71,"aves,reptilia,mammalia",NA,"food,pet,medicinal,product",1,2.08,58.33,USD,0,0,NA,0,NA,0,NA
"Pirie, TJ; Thomas, RL; Fellowes, MDE",Increasing game prices may alter farmers' behaviours towards leopards (Panthera pardus) and other carnivores in South Africa,PEERJ,2017,10.7717/peerj.3369,2,mammalia,artiodactyla,trophy,0,77,139803,USD,1,0,NA,1,morph,1,NA
"Gaillard, D; Lin, L; Shi, HT; Luo, SJ","TURTLE SOUP: LOCAL USAGE AND DEMAND FOR WILD CAUGHT TURTLES IN QIONGZHONG COUNTY, HAINAN ISLAND",HERPETOLOGICAL CONSERVATION AND BIOLOGY,2017,NA,11,reptilia,testudines,"food,pet",1,60,120000,USD,1,0,NA,1,threat,0,NA
"Harris, JBC; Tingley, MW; Hua, FY; Yong, DL; Adeney, JM; Lee, TM; Marthy, W; Prawiradilaga, DM; Sekercioglu, CH; Suyadi; Winarni, N; Wilcove, DS",Measuring the impact of the pet trade on Indonesian birds,CONSERVATION BIOLOGY,2017,10.1111/cobi.12729,NA,aves,NA,pet,1,NA,NA,NA,1,1,abundance,1,"threat,abundance",1,NA
"O'Malley, MP; Townsend, KA; Hilton, P; Heinrichs, S; Stewart, JD",Characterization of the trade in manta and devil ray gill plates in China and South-east Asia through trader surveys,AQUATIC CONSERVATION-MARINE AND FRESHWATER ECOSYSTEMS,2017,10.1002/aqc.2670,1,chondrichthyes,myliobatiformes,medicinal,1,141,472,USD,1,1,volume,1,threat,0,NA
"Prakash, S; Kumar, TTA; Raghavan, R; Rhyne, A; Tlusty, MF; Subramoniam, T",Marine aquarium trade in India: Challenges and opportunities for conservation and policy,MARINE POLICY,2017,10.1016/j.marpol.2016.12.020,87,actinopterygii,"perciformes,tetradoniformes,scorpaeniformes,labriformes,kurtiformes,acanthuriformes,gobiiformes,blenniformes,holocentriformes,moroniformes,siluriformes",pet,1,1.63,33.67,USD,0,1,conservation,1,threat,0,NA
"Nijman, V; Bergin, D","Trade in spur-thighed tortoises Testudo graeca in Morocco: volumes, value and variation between markets",AMPHIBIA-REPTILIA,2017,10.1163/15685381-00003109,1,reptilia,testudines,pet,1,1,56,USD,0,1,volume,1,threat,0,NA
"Nijman, V; Bergin, D",Reptiles traded in markets for medicinal purposes in contemporary Morocco,CONTRIBUTIONS TO ZOOLOGY,2017,NA,6,reptilia,"testuidnes,squamata,serpentes,crocodilia","pet,medicinal",1,6,665,USD,0,1,volume,1,threat,0,NA
"Nijman, V; Oo, H; Shwe, NM","Assessing the Illegal Bear Trade in Myanmar Through Conversations With Poachers: Topology, Perceptions, and Trade Links to China",HUMAN DIMENSIONS OF WILDLIFE,2017,10.1080/10871209.2017.1263768,2,mammalia,carnivora,"medicinal,food",1,5.19,2980.4,USD,0,1,pop_trend,1,"threat,pop_trend",0,NA
"Vall-Llosera, M; Cassey, P","Physical attractiveness, constraints to the trade and handling requirements drive the variation in species availability in the Australian cagebird trade",ECOLOGICAL ECONOMICS,2017,10.1016/j.ecolecon.2016.07.015,357,aves,"anseriformes,galliformes,gruiformes,charadriiformes,columbiformes,coraciiformes,psittaciformes,passeriformes",pet,1,3,12500,AUD,0,1,volume,1,"threat,abundance",1,NA
"Shepherd, CR; Eaton, JA; Chng, SCL","Nothing to laugh about - the ongoing illegal trade in laughingthrushes (Garrulax species) in the bird markets of Java, Indonesia",BIRD CONSERVATION INTERNATIONAL,2016,10.1017/S0959270916000320,9,aves,passeriformes,pet,1,20,145,USD,1,1,volume,1,threat,1,NA
"McNamara, J; Rowcliffe, M; Cowlishaw, G; Alexander, JS; Ntiamoa-Baidu, Y; Brenya, A; Milner-Gulland, EJ",Characterising Wildlife Trade Market Supply-Demand Dynamics,PLOS ONE,2016,10.1371/journal.pone.0162972,17,mammalia,NA,food,1,2.29,8.71,NA,0,1,volume,0,NA,0,NA
"Ahlers, AA; Heske, EJ; Miller, CA",Economic influences on trapper participation and per capita harvest of muskrat,WILDLIFE SOCIETY BULLETIN,2016,10.1002/wsb.696,1,mammalia,rodentia,product,1,NA,NA,USD,1,1,volume,0,NA,1,NA
"Castilla, JC; Espinosa, J; Yamashiro, C; Melo, O; Gelcich, S","TELECOUPLING BETWEEN CATCH, FARMING, AND INTERNATIONAL TRADE FOR THE GASTROPODS CONCHOLEPAS CONCHOLEPAS (LOCO) AND HALIOTIS SPP. (ABALONE)",JOURNAL OF SHELLFISH RESEARCH,2016,10.2983/035.035.0223,2,gastropoda,"neogastropoda,lepetellida",food,1,NA,NA,USD,1,1,volume,0,NA,0,NA
"Williams, VL; Moshoeu, TJ; Alexander, GJ","Reptiles sold as traditional medicine in Xipamanine and Xiquelene Markets (Maputo, Mozambique)",SOUTH AFRICAN JOURNAL OF SCIENCE,2016,10.17159/sajs.2016/20150416,10,reptilia,"crocodilia,squamata,testudines",medicinal,1,NA,NA,USD,0,1,pop_trend,1,"threat,pop_trend",0,NA
"McClenachan, L; Cooper, AB; Dulvy, NK",Rethinking Trade-Driven Extinction Risk in Marine and Terrestrial Megafauna,CURRENT BIOLOGY,2016,10.1016/j.cub.2016.05.026,129,"mammalia,reptilia,actinopterygii,chondrichthyes",NA,"food,medicinal,product",1,512,470000,USD,0,1,"conservation,range",1,"threat,range",0,NA
"Shepherd, CR; Nijman, V; Krishnasamy, K; Eaton, JA; Chng, SCL",Illegal trade pushing the Critically Endangered Black-winged Myna Acridotheres melanopterus towards imminent extinction,BIRD CONSERVATION INTERNATIONAL,2016,10.1017/S0959270915000106,1,aves,passeriformes,pet,1,12.5,34.82,USD,1,1,"volume,conservation,pop_trend",1,"threat,endemic,range",1,NA
"Greatorex, ZF; Olson, SH; Singhalath, S; Silithammavong, S; Khammavong, K; Fine, AE; Weisman, W; Douangngeun, B; Theppangna, W; Keatts, L; Gilbert, M; Karesh, WB; Hansel, T; Zimicki, S; O'Rourke, K; Joly, DO; Mazet, JAK",Wildlife Trade and Human Health in Lao PDR: An Assessment of the Zoonotic Disease Risk in Markets,PLOS ONE,2016,10.1371/journal.pone.0150666,NA,"mammalia,aves,reptilia","passeriformes,rodentia,squamata,chiroptera,galliformes,artiodactyla,carnivora,lagomorpha,psittaciformes,anseriformes,columbiformes,scandentia,primates,dermoptera","food,medicinal,product",1,40000,130000,Kip,0,1,conservation,1,threat,0,NA
"Lam, JTL; Koldewey, HJ; Yasue, M; Vincent, ACJ",Comparing interview and trade data in assessing changes in the seahorse Hippocampus spp. trade following CITES listing,ORYX,2016,10.1017/S0030605314000246,2,actinopterygii,syngnathiformes,medicinal,1,20,160,USD,1,1,volume,1,threat,0,NA
"Nijman, V; Zhang, MX; Shepherd, CR",Pangolin trade in the Mong La wildlife market and the role of Myanmar in the smuggling of pangolins into China,GLOBAL ECOLOGY AND CONSERVATION,2016,10.1016/j.gecco.2015.12.003,1,mammalia,pholidota,"medicinal,food",1,1875,1875,USD,0,1,volume,1,threat,0,NA
"Su, S; Cassey, P; Blackburn, TM",The wildlife pet trade as a driver of introduction and establishment in alien birds in Taiwan,BIOLOGICAL INVASIONS,2016,10.1007/s10530-015-1003-3,312,aves,NA,pet,0,NA,NA,NA,0,1,volume,0,NA,0,NA
"Atuo, FA; O'Connell, TJ; Abanyam, PU",An assessment of socio-economic drivers of avian body parts trade in West African rainforests,BIOLOGICAL CONSERVATION,2015,10.1016/j.biocon.2015.08.013,27,aves,"galliformes,columbiformes,cuculiformes,musophagiformes,pelecaniformes,strigiformes,accipitriformes,bucerotiformes,psittaciformes,passeriformes","product,pet,medicinal",1,0.4,11,USD,0,1,"volume,conservation,pop_trend",1,threat,0,NA
"Daut, EF; Brightsmith, DJ; Mendoza, AP; Puhakka, L; Peterson, MJ",Illegal domestic bird trade and the role of export quotas in Peru,JOURNAL FOR NATURE CONSERVATION,2015,10.1016/j.jnc.2015.06.005,130,aves,NA,pet,1,NA,NA,USD,0,1,"volume,conservation",1,threat,0,NA
"Challender, DWS; Harrop, SR; MacMillan, DC",Understanding markets to conserve trade-threatened species in CITES,BIOLOGICAL CONSERVATION,2015,10.1016/j.biocon.2015.04.015,1,mammalia,pholidota,"medicinal,food",1,46.92,759.15,USD,1,1,"volume,conservation",1,threat,1,NA
"Harris, JBC; Green, JMH; Prawiradilaga, DM; Giam, XL; Giyanto; Hikmatullah, D; Putra, CA; Wilcove, DS",Using market data and expert opinion to identify overexploited species in the wild bird trade,BIOLOGICAL CONSERVATION,2015,10.1016/j.biocon.2015.04.009,38,aves,NA,pet,1,NA,NA,NA,1,1,"volume,pop_trend,conservation",1,"threat,pop_trend",1,NA
"Su, S; Cassey, P; Vall-Llosera, M; Blackburn, TM",Going Cheap: Determinants of Bird Price in the Taiwanese Pet Market,PLOS ONE,2015,10.1371/journal.pone.0127482,247,aves,NA,pet,1,0.86,8000,USD,1,1,"volume,conservation,range,conservation",1,threat,1,NA
"Akani, GC; Amadi, N; Eniang, EA; Luiselli, L; Petrozzi, F","Are mammal communities occurring at a regional scale reliably represented in hub bushmeat markets? A case study with Bayelsa State (Niger Delta, Nigeria)",FOLIA ZOOLOGICA,2015,NA,21,mammalia,NA,food,1,850,80000,NGN,0,1,"volume,abundance",1,"abundance,threat",1,NA
"Oremus, M; Leqata, J; Baker, CS",Resumption of traditional drive hunting of dolphins in the Solomon Islands in 2013,ROYAL SOCIETY OPEN SCIENCE,2015,10.1098/rsos.140524,3,mammalia,artiodactyla,food,1,0.1,0.7,USD,1,1,volume,0,NA,0,NA
"Nielsen, MR; Meilby, H","Hunting and trading bushmeat in the Kilombero Valley, Tanzania: motivations, cost-benefit ratios and meat prices",ENVIRONMENTAL CONSERVATION,2015,10.1017/S0376892914000198,10,mammalia,NA,food,1,NA,NA,NA,0,0,NA,0,NA,0,NA
"Morcatty, TQ; Valsecchi, J","Social, biological, and environmental drivers of the hunting and trade of the endangered yellow-footed tortoise in the Amazon",ECOLOGY AND SOCIETY,2015,10.5751/ES-07701-200303,1,reptilia,testudines,food,1,1.5,6.5,USD,1,1,volume,1,"threat,pop_trend",1,NA
"Patoka, J; Kalous, L; Kopecky, O",Imports of ornamental crayfish: the first decade from the Czech Republic's perspective,KNOWLEDGE AND MANAGEMENT OF AQUATIC ECOSYSTEMS,2015,10.1051/kmae/2014040,1,malacostraca,decapoda,pet,1,0.76,4.72,EUR,1,1,volume,0,NA,1,NA
"Yasue, M; Nellas, A; Panes, H; Vincent, ACJ",Monitoring landed seahorse catch in a changing policy environment,ENDANGERED SPECIES RESEARCH,2015,10.3354/esr00643,1,actinopterygii,syngnathiformes,medicinal,1,2,40,PHP,1,1,"volume,conservation",1,threat,1,NA
"Gao, YF; Clark, SG",Elephant ivory trade in China: Trends and drivers,BIOLOGICAL CONSERVATION,2014,10.1016/j.biocon.2014.09.020,1,mammalia,proboscidea,product,1,1.03,4.55,USD,0,1,volume,1,threat,0,NA
"Tsikliras, AC; Polymeros, K",Fish market prices drive overfishing of the 'big ones',PEERJ,2014,10.7717/peerj.638,42,actinopterygii,NA,food,1,NA,NA,NA,1,1,volume,0,NA,1,NA
"Nijman, V; Shepherd, CR",Emergence of Mong La on the Myanmar-China border as a global hub for the international trade in ivory and elephant parts,BIOLOGICAL CONSERVATION,2014,10.1016/j.biocon.2014.08.010,1,mammalia,proboscidea,product,1,68,9719,USD,1,0,NA,1,threat,0,NA
"Pinho, M; Diogo, H; Carvalho, J; Pereira, JG","Harvesting juveniles of blackspot sea bream (Pagellus bogaraveo) in the Azores (Northeast Atlantic): biological implications, management, and life cycle considerations",ICES JOURNAL OF MARINE SCIENCE,2014,10.1093/icesjms/fsu089,1,actinopterygii,perciformes,food,1,2.4,13,EUR,0,1,volume,0,NA,0,NA
"Tella, JL; Hiraldo, F","Illegal and Legal Parrot Trade Shows a Long-Term, Cross-Cultural Preference for the Most Attractive Species Increasing Their Risk of Extinction",PLOS ONE,2014,10.1371/journal.pone.0107546,22,aves,psittaciformes,pet,1,NA,NA,NA,0,1,"volume,conservation",1,threat,0,NA
"Barros, FB; Azevedo, PD","Common opossum (Didelphis marsupialis Linnaeus, 1758): food and medicine for people in the Amazon",JOURNAL OF ETHNOBIOLOGY AND ETHNOMEDICINE,2014,10.1186/1746-4269-10-65,1,mammalia,didelphimorphia,"food,medicinal",1,4.5,18,USD,0,1,pop_trend,0,NA,0,NA
"Wittemyer, G; Northrup, JM; Blanc, J; Douglas-Hamilton, I; Omondi, P; Burnham, KP",Illegal killing for ivory drives global decline in African elephants,PROCEEDINGS OF THE NATIONAL ACADEMY OF SCIENCES OF THE UNITED STATES OF AMERICA,2014,10.1073/pnas.1403984111,1,mammalia,proboscidea,product,1,25,125,USD,1,1,"volume,pop_trend",1,threat,1,NA
"Challender, DWS; MacMillan, DC",Poaching is more than an Enforcement Problem,CONSERVATION LETTERS,2014,10.1111/conl.12082,10,mammalia,"carnivora,pholidota,artiodactyla,perissodactyla,proboscidea",NA,1,NA,NA,NA,0,1,"pop_trend,conservation",1,threat,1,NA
"Purcell, SW; Polidoro, BA; Hamel, JF; Gamboa, RU; Mercier, A",The cost of being valuable: predictors of extinction risk in marine invertebrates exploited as luxury seafood,PROCEEDINGS OF THE ROYAL SOCIETY B-BIOLOGICAL SCIENCES,2014,10.1098/rspb.2013.3296,377,holothuroidea,synallactida,"food,medicinal",1,15,2000,USD,0,1,"conservation,range",1,threat,1,NA
"Purcell, SW","Value, Market Preferences and Trade of Beche-De-Mer from Pacific Island Sea Cucumbers",PLOS ONE,2014,10.1371/journal.pone.0095075,NA,holothuroidea,synallactida,"food,medicinal",1,15,385,USD,0,1,volume,1,threat,0,NA
"Golden, CD; Bonds, MH; Brashares, JS; Rasolofoniaina, BJR; Kremen, C",Economic Valuation of Subsistence Harvest of Wildlife in Madagascar,CONSERVATION BIOLOGY,2014,10.1111/cobi.12174,22,mammalia,"primates,chiroptera,carnivora,artiodactyla",food,1,0.24,9.8,USD,0,1,volume,0,NA,1,NA
"Manez, KS; Dandava, L; Ekau, W",Fishing the last frontier: The introduction of the marine aquarium trade and its impact on local fishing communities in Papua New Guinea,MARINE POLICY,2014,10.1016/j.marpol.2013.09.018,6,"actinopterygii,asteroidea","acanthuriformes,valvatida,perciformes",pet,0,0.22,25,USD,0,0,NA,0,NA,0,NA
"Phelps, J; Carrasco, LR; Webb, EL",A Framework for Assessing Supply-Side Wildlife Conservation,CONSERVATION BIOLOGY,2014,10.1111/cobi.12160,1,orchidaceae,orchidacae,pet,1,11.6,15,USD,0,1,"volume,pop_trend",1,pop_trend,1,NA
"Lyons, JA; Natusch, DJD",Effects of consumer preferences for rarity on the harvest of wild populations within a species,ECOLOGICAL ECONOMICS,2013,10.1016/j.ecolecon.2013.06.004,1,reptilia,serpentes,"pet,product",1,NA,NA,NA,0,1,"conservation,pop_trend",1,"threat,pop_trend",1,NA
"Jorge, AA; Vanak, AT; Thaker, M; Begg, C; Slotow, R","Costs and Benefits of the Presence of Leopards to the Sport-Hunting Industry and Local Communities in Niassa National Reserve, Mozambique",CONSERVATION BIOLOGY,2013,10.1111/cobi.12082,1,mammalia,carnivora,trophy,1,20000,30000,USD,0,0,NA,0,NA,0,NA
"Vigne, L",Recent findings on the ivory and rhino-horn trade in Lao People's Democratic Republic,PACHYDERM,2013,NA,1,mammalia,proboscidea,product,1,275,1282,USD,1,0,NA,1,threat,0,NA
"Van den Bergh, MOL; Kusters, K; Dietz, AJ",Destructive attraction: factors that influence hunting pressure on the Blue Bird-of-paradise Paradisaea rudolphi,BIRD CONSERVATION INTERNATIONAL,2013,10.1017/S0959270913000233,1,aves,passeriformes,product,1,5,300,PGK,0,1,pop_trend,1,"threat,endemic,range",0,NA
"Varble, S; Secchi, S",Human consumption as an invasive species management strategy. A preliminary assessment of the marketing potential of invasive Asian carp in the US,APPETITE,2013,10.1016/j.appet.2013.01.022,2,actinopterygii,cypriniformes,food,0,2.35,10.8,USD,0,0,NA,0,NA,0,NA
"Liang, W; Cai, Y; Yang, CC","Extreme levels of hunting of birds in a remote village of Hainan Island, China",BIRD CONSERVATION INTERNATIONAL,2013,10.1017/S0959270911000499,78,aves,NA,"medicinal,food",1,3,100,RMB,0,1,"volume,conservation",1,"threat,endemic",0,NA
"Shrestha, UB; Bawa, KS","Trade, harvest, and conservation of caterpillar fungus (Ophiocordyceps sinensis) in the Himalayas",BIOLOGICAL CONSERVATION,2013,10.1016/j.biocon.2012.10.032,1,sordariomycetes,hypocreales,medicinal,1,80000,1600000,NPR,1,1,"volume,pop_trend",1,"threat,range",1,NA
"Bhupathy, S; Kumar, SR; Thirumalainathan, P; Paramanandham, J; Lemba, C","Wildlife exploitation: a market survey in Nagaland, North-eastern India",TROPICAL CONSERVATION SCIENCE,2013,10.1177/194008291300600206,47,"mammalia,aves,amphibia,gastropoda",NA,food,1,20,3000,INR,0,1,"conservation,volume",0,NA,0,NA
"Chucholl, C",Invaders for sale: trade and determinants of introduction of ornamental freshwater crayfish,BIOLOGICAL INVASIONS,2013,10.1007/s10530-012-0273-2,37,malacostraca,decapoda,pet,0,5,25,EUR,0,0,NA,0,NA,0,NA
"Laksanawimol, P; Petpiroon, S; Damrongphol, P","TRADE OF SEAHORSES, HIPPOCAMPUS SPP. (ACTINOPTERYGII: SYNGNATHIFORMES: SYNGNATHIDAE), ON THE EAST COAST OF THE GULF OF THAILAND",ACTA ICHTHYOLOGICA ET PISCATORIA,2013,10.3750/AIP2013.43.3.07,4,actinopterygii,syngnathiformes,"pet,medicinal",1,0.6,23.1,USD,0,1,volume,1,pop_trend,0,NA
"Rhyne, AL; Tlusty, MF; Kaufman, L",Long-term trends of coral imports into the United States indicate future opportunities for ecosystem and societal benefits,CONSERVATION LETTERS,2012,10.1111/j.1755-263X.2012.00265.x,NA,hexacorallia,NA,product,1,5,500,USD,0,1,volume,1,threat,1,NA
"Aheto, DW; Asare, NK; Quaynor, B; Tenkorang, EY; Asare, C; Okyere, I","Profitability of Small-Scale Fisheries in Elmina, Ghana",SUSTAINABILITY,2012,10.3390/su4112785,16,actinopterygii,NA,food,1,0.52,3.14,USD,0,1,volume,0,NA,0,NA
"Alves, RRN; Rosa, IL; Neto, NAL; Voeks, R",Animals for the Gods: Magical and Religious Faunal Use and Trade in Brazil,HUMAN ECOLOGY,2012,10.1007/s10745-012-9516-1,129,"mammalia,gastropoda,actinopterygii,aves,reptilia",NA,medicinal,1,1,200,BRL,0,0,NA,0,NA,0,NA
"Pangau-Adam, M; Noske, R; Muehlenberg, M","Wildmeat or Bushmeat? Subsistence Hunting and Commercial Harvesting in Papua (West New Guinea), Indonesia",HUMAN ECOLOGY,2012,10.1007/s10745-012-9492-5,12,"mammalia,reptilia",NA,food,1,2.9,50,USD,0,1,"volume,conservation",1,"threat,endemic",0,NA
"Prescott, GW; Johnson, PJ; Loveridge, AJ; Macdonald, DW",Does change in IUCN status affect demand for African bovid trophies?,ANIMAL CONSERVATION,2012,10.1111/j.1469-1795.2011.00506.x,NA,mammalia,artiodactyla,trophy,1,NA,NA,USD,0,1,conservation,1,threat,1,NA
"Tournant, P; Joseph, L; Goka, K; Courchamp, F",The rarity and overexploitation paradox: stag beetle collections in Japan,BIODIVERSITY AND CONSERVATION,2012,10.1007/s10531-012-0253-y,NA,insecta,coleoptera,trophy,1,0,2250,USD,0,1,perception,1,abundance,1,NA
"Regueira, RFS; Bernard, E",Wildlife sinks: Quantifying the impact of illegal bird trade in street markets in Brazil,BIOLOGICAL CONSERVATION,2012,10.1016/j.biocon.2012.02.009,55,aves,"passeriformes,psittaciformes,columbiformes,piciformes",pet,1,1.1,167,USD,0,1,volume,1,abundance,1,NA
"Foerster, S; Wilkie, DS; Morelli, GA; Demmer, J; Starkey, M; Telfer, P; Steil, M; Lewbel, A","Correlates of Bushmeat Hunting among Remote Rural Households in Gabon, Central Africa",CONSERVATION BIOLOGY,2012,10.1111/j.1523-1739.2011.01802.x,NA,"mammalia,reptilia",NA,food,1,307,2480,CFA,0,0,NA,0,NA,0,NA
"van Vliet, N; Nebesse, C; Gambalemoke, S; Akaibe, D; Nasi, R","The bushmeat market in Kisangani, Democratic Republic of Congo: implications for conservation and food security",ORYX,2012,10.1017/S0030605311000202,18,"mammalia,insecta","rodentia,artiodactyla,primates,lepidoptera",food,1,0.3,3.7,USD,1,1,conservation,1,threat,0,NA
"Macdonald, DW; Johnson, PJ; Albrechtsen, L; Seymour, S; Dupain, J; Hall, A; Fa, JE",Bushmeat trade in the Cross-Sanaga rivers region: Evidence for the importance of protected areas,BIOLOGICAL CONSERVATION,2012,10.1016/j.biocon.2011.12.018,3,mammalia,"rodentia,artiodactyla,primates",food,1,NA,NA,NA,0,0,NA,0,NA,0,NA
"Kapfer, PM; Potts, KB",Socioeconomic and ecological correlates of bobcat harvest in Minnesota,JOURNAL OF WILDLIFE MANAGEMENT,2012,10.1002/jwmg.284,1,mammalia,carnivora,product,1,NA,NA,NA,1,1,volume,0,NA,0,NA
"Palazy, L; Bonenfant, C; Gaillard, JM; Courchamp, F","Rarity, trophy hunting and ungulates",ANIMAL CONSERVATION,2012,10.1111/j.1469-1795.2011.00476.x,427,mammalia,"artiodactyla,perissodactyla",trophy,1,NA,NA,NA,1,1,"conservation,range",1,"threat,range",1,NA
"Ortega, L; Castilla, JC; Espino, M; Yamashiro, C; Defeo, O","Effects of fishing, market price, and climate on two South American clam species",MARINE ECOLOGY PROGRESS SERIES,2012,10.3354/meps10016,2,bivalvia,venerida,food,NA,NA,NA,USD,1,1,volume,0,NA,1,NA
"Scheffers, BR; Corlett, RT; Diesmos, A; Laurance, WF",Local demand drives a bushmeat industry in a Philippine forest preserve,TROPICAL CONSERVATION SCIENCE,2012,10.1177/194008291200500203,22,"insecta,gastropoda,amphibia,reptilia,aves,mammalia","hymenoptera,stylommatophora,anura,serpentes,galliformes,columbiformes,bucerotiformes,primates,carnivora,artiodactyla,chiroptera,rodentia",food,1,50,300,PHP,0,1,conservation,1,threat,1,NA
"Kamins, AO; Restif, O; Ntiamoa-Baidu, Y; Suu-Ire, R; Hayman, DTS; Cunningham, AA; Wood, JLN; Rowcliffe, JM","Uncovering the fruit bat bushmeat commodity chain and the true extent of fruit bat hunting in Ghana, West Africa",BIOLOGICAL CONSERVATION,2011,10.1016/j.biocon.2011.09.003,1,mammalia,chiroptera,food,1,0.65,1.29,USD,0,1,volume,1,threat,0,NA
"Macdonald, DW; Johnson, PJ; Albrechtsen, L; Dutton, A; Seymour, S; Dupain, J; Hall, A; Fa, JE",Association of Body Mass with Price of Bushmeat in Nigeria and Cameroon,CONSERVATION BIOLOGY,2011,10.1111/j.1523-1739.2011.01741.x,NA,"aves,mammalia,reptilia,gastropoda",NA,food,1,1.3,28.75,USD,0,1,volume,0,NA,0,NA
"Kristianto, I; Jepson, P","Harvesting orange-headed thrush Zoothera citrina chicks in Bali, Indonesia: magnitude, practices and sustainability",ORYX,2011,10.1017/S0030605310001481,1,aves,passeriformes,pet,1,NA,NA,IDR,1,1,volume,1,threat,0,NA
"Rosa, IL; Oliveira, TPR; Osorio, FM; Moraes, LE; Castro, ALC; Barros, GML; Alves, RRN","Fisheries and trade of seahorses in Brazil: historical perspective, current trends, and future directions",BIODIVERSITY AND CONSERVATION,2011,10.1007/s10531-011-0068-2,NA,actinopterygii,syngnathiformes,medicinal,1,NA,NA,USD,0,1,volume,1,threat,0,NA
"Palazy, L; Bonenfant, C; Gaillard, JM; Courchamp, F",Cat Dilemma: Too Protected To Escape Trophy Hunting?,PLOS ONE,2011,10.1371/journal.pone.0022424,10,mammalia,carnivora,trophy,1,NA,NA,NA,1,1,"conservation,volume",1,threat,1,NA
"Rao, M; Zaw, T; Htun, S; Myint, T","Hunting for a Living: Wildlife Trade, Rural Livelihoods and Declining Wildlife in the Hkakaborazi National Park, North Myanmar",ENVIRONMENTAL MANAGEMENT,2011,10.1007/s00267-011-9662-z,20,mammalia,NA,"food,medicinal,product",1,NA,NA,NA,0,1,volume,1,threat,0,NA
"Renjithkumar, CR; Harikrishnan, M; Kurup, BM","Exploited fisheries resources of the Pampa River, Kerala, India",INDIAN JOURNAL OF FISHERIES,2011,NA,60,actinopterygii,NA,"food,pet",1,30,200,INR,0,1,"conservation,volume",1,threat,0,NA
"Shepherd, CR","Observations on trade in laughingthrushes (Garrulax spp.) in North Sumatra, Indonesia",BIRD CONSERVATION INTERNATIONAL,2011,10.1017/S0959270910000274,10,aves,passeriformes,pet,1,10,100,USD,0,1,"conservation,volume",1,"threat,endemic",1,NA
"Liu, F; McShea, WJ; Garshelis, DL; Zhu, XJ; Wang, DJ; Shao, LK",Human-wildlife conflicts influence attitudes but not necessarily behaviors: Factors driving the poaching of bears in China,BIOLOGICAL CONSERVATION,2011,10.1016/j.biocon.2010.10.009,1,mammalia,carnivora,medicinal,1,700,2600,USD,0,0,NA,1,threat,0,NA
"Mahmood, T; Shah, SMA; Rais, M; Nadeem, MS",AN INVESTIGATION OF ANIMAL SPECIES TRADE AT PET SHOPS OF RAWALPINDI AND MULTAN CITIES,JOURNAL OF ANIMAL AND PLANT SCIENCES,2011,NA,NA,"mammalia,aves,reptilia,actinopterygii",NA,NA,1,40,2200,PKR,0,1,volume,1,threat,1,NA
"Tapley, B; Griffiths, RA; Bride, I",Dynamics of the trade in reptiles and amphibians within the United Kingdom over a ten-year period,HERPETOLOGICAL JOURNAL,2011,NA,NA,"reptilia,amphibia","serpentes,squamata,testudines,crocodilia,anura,urodela,caecilia",pet,1,NA,NA,NA,1,0,NA,1,threat,0,NA
"Brooks, EGE; Roberton, SI; Bell, DJ",The conservation impact of commercial wildlife farming of porcupines in Vietnam,BIOLOGICAL CONSERVATION,2010,10.1016/j.biocon.2010.07.030,1,mammalia,rodentia,"food,medicinal",1,NA,NA,NA,0,0,NA,0,NA,0,NA
"Johnson, PJ; Kansky, R; Loveridge, AJ; Macdonald, DW","Size, Rarity and Charisma: Valuing African Wildlife Trophies",PLOS ONE,2010,10.1371/journal.pone.0012866,NA,mammalia,"carnivora,artiodactyla",trophy,1,NA,NA,NA,0,1,conservation,1,threat,1,NA
"Brooks, SE; Allison, EH; Gill, JA; Reynolds, JD","Snake prices and crocodile appetites: Aquatic wildlife supply and demand on Tonle Sap Lake, Cambodia",BIOLOGICAL CONSERVATION,2010,10.1016/j.biocon.2010.05.023,NA,reptilia,serpentes,food,1,0.2,0.8,USD,1,1,volume,1,"threat,endemic",0,NA
"Chaber, AL; Allebone-Webb, S; Lignereux, Y; Cunningham, AA; Rowcliffe, JM",The scale of illegal meat importation from Africa to Europe via Paris,CONSERVATION LETTERS,2010,10.1111/j.1755-263X.2010.00121.x,11,"mammalia,reptilia","primates,artiodactyla,rodentia,pholidota,proboscidea,crocodilia",food,1,20,30,EUR,0,1,volume,1,threat,0,NA
"Rao, M; Htun, S; Zaw, T; Myint, T","Hunting, Livelihoods and Declining Wildlife in the Hponkanrazi Wildlife Sanctuary, North Myanmar",ENVIRONMENTAL MANAGEMENT,2010,10.1007/s00267-010-9519-x,NA,"mammalia,aves",NA,"food,medicinal,product",1,NA,NA,NA,0,1,volume,1,threat,0,NA
"Kuhl, A; Balinova, N; Bykova, E; Arylov, YN; Esipov, A; Lushchekina, AA; Milner-Gulland, EJ","The role of saiga poaching in rural communities: Linkages between attitudes, socio-economic circumstances and behaviour",BIOLOGICAL CONSERVATION,2009,10.1016/j.biocon.2009.02.009,1,mammalia,artiodactyla,"food,medicinal",1,10.13,88.38,USD,0,1,pop_trend,1,threat,0,NA
"Krishnakumar, K; Raghavan, R; Pereira, B","Protected on paper, hunted in wetlands: exploitation and trade of freshwater turtles (Melanochelys trijuga coronata and Lissemys punctata punctata) in Punnamada, Kerala, India",TROPICAL CONSERVATION SCIENCE,2009,10.1177/194008290900200306,2,reptilia,testudines,food,1,30,50,INR,0,1,volume,1,threat,0,NA
"Soewu, DA; Ayodele, IA","Utilisation of Pangolin (Manis sps) in traditional Yorubic medicine in Ijebu province, Ogun State, Nigeria",JOURNAL OF ETHNOBIOLOGY AND ETHNOMEDICINE,2009,10.1186/1746-4269-5-39,1,mammalia,pholidota,medicinal,1,1500,2000,NGN,0,1,volume,1,threat,0,NA
"Strandby, U; Olsen, CS",The importance of understanding trade when designing effective conservation policy - The case of the vulnerable Abies guatemalensis Rehder,BIOLOGICAL CONSERVATION,2008,10.1016/j.biocon.2008.08.023,1,pinopsida,pinales,product,1,16.2,19.3,USD,1,1,volume,1,threat,0,NA
"Rowley, JJL; Emmett, DA; Voen, S","Harvest, trade and conservation of the Asian arowana Seleroplages formosus in Cambodia",AQUATIC CONSERVATION-MARINE AND FRESHWATER ECOSYSTEMS,2008,10.1002/aqc.937,1,actinopterygii,osteoglossiformes,pet,1,11,13,USD,0,0,NA,1,threat,0,NA
"Ndibalema, VG; Songorwa, AN",Illegal meat hunting in serengeti: dynamics in consumption and preferences,AFRICAN JOURNAL OF ECOLOGY,2008,10.1111/j.1365-2028.2007.00836.x,NA,"mammalia,actinopterygii","artiodactyla,perciformes,cypriniformes,cichliformes",food,1,0.47,1.31,USD,0,1,"abundance,volume",0,NA,0,NA
"Andersen, US; Cordova, JPP; Nielsen, UB; Olsen, CS; Nielsen, C; Sorensen, M; Kollmann, J",Conservation through utilization: a case study of the Vulnerable Abies guatemalensis in Guatemala,ORYX,2008,10.1017/S0030605308007588,1,pinopsida,pinales,product,1,14.4,14.4,USD,1,0,NA,1,threat,0,NA
"Shepherd, CR; Nijman, V",The trade in bear parts from Myanmar: an illustration of the ineffectiveness of enforcement of international wildlife trade regulations,BIODIVERSITY AND CONSERVATION,2008,10.1007/s10531-007-9228-9,2,mammalia,carnivora,medicinal,1,4,40,USD,1,1,volume,1,threat,0,NA
"Albrechtsen, L; David, WMA; Paul, JJ; Ramon, C; Fa, JE",Faunal loss from bushmeat hunting: empirical evidence and policy implications in Bioko island,ENVIRONMENTAL SCIENCE & POLICY,2007,10.1016/j.envsci.2007.04.007,16,"mammalia,aves,reptilia","artiodactyla,primates,rodentia,pholidota,hyracoidea,testudines,squamata,serpentes,accipitriformes,bucerotiformes,musophagiformes",food,1,3,43,USD,1,1,volume,0,NA,1,NA
"Verlecar, XN; Snigdha; Desai, SR; Dhargalkar, VK",Shark hunting - an indiscriminate trade endangering elasmobranchs to extinction,CURRENT SCIENCE,2007,NA,NA,chondrichthyes,selachimorpha,"food,medicinal",1,25,340,USD,1,1,volume,1,threat,0,NA
"Alves, RRD; Pereira, GA",Commercialization and use of snakes in North and Northeastern Brazil: Implications for conservation and management,BIODIVERSITY AND CONSERVATION,2007,10.1007/s10531-006-9036-7,11,reptilia,serpentes,medicinal,1,4.5,24,USD,0,0,NA,0,NA,0,NA
"Carpaneto, GM; Fusari, A; Okongo, H","Subsistence hunting and exploitation of mammals in the Haut-Ogooud province, south-eastern Gabon",JOURNAL OF ANTHROPOLOGICAL SCIENCES,2007,NA,14,mammalia,"artiodactyla,rodentia,primates,pholidota,carnivora",food,1,500,50000,CFA,0,1,volume,0,NA,0,NA
"Nijman, V; Shepherd, CR","Trade in non-native, CITES-listed, wildlife in Asia, as exemplified by the trade in freshwater turtles and tortoises (Chelonidae) in Thailand",CONTRIBUTIONS TO ZOOLOGY,2007,10.1163/18759866-07603007,29,reptilia,testudines,pet,1,14,2009,USD,0,1,"volume,conservation",1,"threat,morph",1,NA
"Gong, SP; Wang, JC; Shi, HT; Song, RH; Xu, RM","Illegal trade and conservation requirements of freshwater turtles in Nanmao, Hainan Province, China",ORYX,2006,10.1017/S0030605306000949,8,reptilia,testudines,pet,1,10,2000,USD,0,1,"volume,conservation",1,threat,1,NA